<?xml version="1.0" encoding="UTF-8"?>
<library xmlns="http://www.netbeans.org/ns/library-declaration/2" version="2.0">
    <name>Comet-GlassFish-v3-Prelude</name>
    <type>j2se</type>
    <volume>
        <type>classpath</type>
        <resource>jar:file:/C:/Program%20Files/sges-v3-prelude/glassfish/modules/grizzly-module.jar!/</resource>
    </volume>
    <volume>
        <type>src</type>
    </volume>
    <volume>
        <type>javadoc</type>
    </volume>
    <volume>
        <type>maven-pom</type>
    </volume>
</library>
