<?xml version="1.0" encoding="UTF-8"?>
<library xmlns="http://www.netbeans.org/ns/library-declaration/2" version="2.0">
    <name>Java-EE-GlassFish-v3</name>
    <type>serverlibrary</type>
    <volume>
        <type>classpath</type>
        <resource>jar:file:/C:/Users/Dunst/GlassFish_Server/glassfish/modules/webservices-osgi.jar!/</resource>
        <resource>jar:file:/C:/Users/Dunst/GlassFish_Server/glassfish/modules/javax.servlet.jsp-api.jar!/</resource>
        <resource>jar:file:/C:/Users/Dunst/GlassFish_Server/glassfish/modules/javax.servlet.jsp.jstl-api.jar!/</resource>
        <resource>jar:file:/C:/Users/Dunst/GlassFish_Server/glassfish/modules/javax.el-api.jar!/</resource>
        <resource>jar:file:/C:/Users/Dunst/GlassFish_Server/glassfish/modules/javax.faces.jar!/</resource>
        <resource>jar:file:/C:/Users/Dunst/GlassFish_Server/glassfish/modules/javax.enterprise.deploy.jar!/</resource>
        <resource>jar:file:/C:/Users/Dunst/GlassFish_Server/glassfish/modules/jersey-core.jar!/</resource>
        <resource>jar:file:/C:/Users/Dunst/GlassFish_Server/glassfish/modules/javax.mail.jar!/</resource>
        <resource>jar:file:/C:/Users/Dunst/GlassFish_Server/glassfish/modules/javax.servlet-api.jar!/</resource>
        <resource>jar:file:/C:/Users/Dunst/GlassFish_Server/glassfish/modules/javax.transaction.jar!/</resource>
        <resource>jar:file:/C:/Users/Dunst/GlassFish_Server/glassfish/modules/bean-validator.jar!/</resource>
        <resource>jar:file:/C:/Users/Dunst/GlassFish_Server/glassfish/modules/jaxb-osgi.jar!/</resource>
        <resource>jar:file:/C:/Users/Dunst/GlassFish_Server/mq/lib/jaxm-api.jar!/</resource>
        <resource>jar:file:/C:/Users/Dunst/GlassFish_Server/glassfish/modules/endorsed/javax.annotation.jar!/</resource>
        <resource>jar:file:/C:/Users/Dunst/GlassFish_Server/glassfish/modules/javax.persistence.jar!/</resource>
        <resource>jar:file:/C:/Users/Dunst/GlassFish_Server/glassfish/modules/javax.security.jacc.jar!/</resource>
        <resource>jar:file:/C:/Users/Dunst/GlassFish_Server/glassfish/modules/javax.jms.jar!/</resource>
        <resource>jar:file:/C:/Users/Dunst/GlassFish_Server/glassfish/modules/javax.ejb.jar!/</resource>
        <resource>jar:file:/C:/Users/Dunst/GlassFish_Server/glassfish/modules/javax.management.j2ee.jar!/</resource>
        <resource>jar:file:/C:/Users/Dunst/GlassFish_Server/glassfish/modules/weld-osgi-bundle.jar!/</resource>
        <resource>jar:file:/C:/Users/Dunst/GlassFish_Server/glassfish/modules/endorsed/webservices-api-osgi.jar!/</resource>
        <resource>jar:file:/C:/Users/Dunst/GlassFish_Server/glassfish/modules/javax.resource.jar!/</resource>
        <resource>jar:file:/C:/Users/Dunst/GlassFish_Server/glassfish/modules/javax.security.auth.message.jar!/</resource>
        <resource>jar:file:/C:/Users/Dunst/GlassFish_Server/glassfish/modules/endorsed/jaxb-api-osgi.jar!/</resource>
        <resource>jar:file:/C:/Users/Dunst/GlassFish_Server/glassfish/modules/web-core.jar!/</resource>
        <resource>jar:file:/C:/Users/Dunst/GlassFish_Server/glassfish/modules/jackson-core-asl.jar!/</resource>
        <resource>jar:file:/C:/Users/Dunst/GlassFish_Server/glassfish/modules/jackson-jaxrs.jar!/</resource>
        <resource>jar:file:/C:/Users/Dunst/GlassFish_Server/glassfish/modules/jackson-mapper-asl.jar!/</resource>
        <resource>jar:file:/C:/Users/Dunst/GlassFish_Server/glassfish/modules/jersey-client.jar!/</resource>
        <resource>jar:file:/C:/Users/Dunst/GlassFish_Server/glassfish/modules/jersey-core.jar!/</resource>
        <resource>jar:file:/C:/Users/Dunst/GlassFish_Server/glassfish/modules/jersey-gf-server.jar!/</resource>
        <resource>jar:file:/C:/Users/Dunst/GlassFish_Server/glassfish/modules/jersey-json.jar!/</resource>
        <resource>jar:file:/C:/Users/Dunst/GlassFish_Server/glassfish/modules/jersey-multipart.jar!/</resource>
        <resource>jar:file:/C:/Users/Dunst/GlassFish_Server/glassfish/modules/jettison.jar!/</resource>
        <resource>jar:file:/C:/Users/Dunst/GlassFish_Server/glassfish/modules/mimepull.jar!/</resource>
    </volume>
    <volume>
        <type>embedabbleejb</type>
    </volume>
    <volume>
        <type>wscompile</type>
    </volume>
    <volume>
        <type>wsgenerate</type>
    </volume>
    <volume>
        <type>wsimport</type>
    </volume>
    <volume>
        <type>wsinterop</type>
    </volume>
    <volume>
        <type>wsjwsdp</type>
    </volume>
    <volume>
        <type>javadoc</type>
        <resource>jar:file:/C:/Program%20Files/NetBeans%207.1.1/enterprise/docs/javaee6-doc-api.zip!/</resource>
    </volume>
    <volume>
        <type>src</type>
    </volume>
</library>
